{
    "confidence_score": 0.8731017112731934,
    "ptm": 0.8550125956535339,
    "iptm": 0.7466365694999695,
    "ligand_iptm": 0.9265346527099609,
    "protein_iptm": 0.7187430262565613,
    "complex_plddt": 0.9047180414199829,
    "complex_iplddt": 0.8272382616996765,
    "complex_pde": 0.4945251941680908,
    "complex_ipde": 1.6262260675430298,
    "chains_ptm": {
        "0": 0.9853252172470093,
        "1": 0.984431266784668,
        "2": 0.9835690259933472,
        "3": 0.9655265212059021,
        "4": 0.0
    },
    "pair_chains_iptm": {
        "0": {
            "0": 0.9853252172470093,
            "1": 0.7056236863136292,
            "2": 0.26790136098861694,
            "3": 0.758616030216217,
            "4": 0.0
        },
        "1": {
            "0": 0.7187430262565613,
            "1": 0.984431266784668,
            "2": 0.38344839215278625,
            "3": 0.4319673180580139,
            "4": 0.0
        },
        "2": {
            "0": 0.7394726872444153,
            "1": 0.8793486952781677,
            "2": 0.9835690259933472,
            "3": 0.44917377829551697,
            "4": 0.0
        },
        "3": {
            "0": 0.9647610783576965,
            "1": 0.6302343010902405,
            "2": 0.19740208983421326,
            "3": 0.9655265212059021,
            "4": 0.0
        },
        "4": {
            "0": 0.9921979308128357,
            "1": 0.7401260733604431,
            "2": 0.2899763882160187,
            "3": 0.6434202194213867,
            "4": 0.0
        }
    }
}