{
    "confidence_score": 0.8834192156791687,
    "ptm": 0.9044758677482605,
    "iptm": 0.835943341255188,
    "ligand_iptm": 0.9275599718093872,
    "protein_iptm": 0.8206738233566284,
    "complex_plddt": 0.8952881693840027,
    "complex_iplddt": 0.8296747803688049,
    "complex_pde": 0.4806482493877411,
    "complex_ipde": 1.5444276332855225,
    "chains_ptm": {
        "0": 0.9848546385765076,
        "1": 0.9855382442474365,
        "2": 0.9840250015258789,
        "3": 0.9612383842468262,
        "4": 0.0
    },
    "pair_chains_iptm": {
        "0": {
            "0": 0.9848546385765076,
            "1": 0.8096883893013,
            "2": 0.31065407395362854,
            "3": 0.754321813583374,
            "4": 0.0
        },
        "1": {
            "0": 0.8206738233566284,
            "1": 0.9855382442474365,
            "2": 0.40819251537323,
            "3": 0.4810647964477539,
            "4": 0.0
        },
        "2": {
            "0": 0.7943004965782166,
            "1": 0.8833088874816895,
            "2": 0.9840250015258789,
            "3": 0.486819863319397,
            "4": 0.0
        },
        "3": {
            "0": 0.9570052623748779,
            "1": 0.7564740180969238,
            "2": 0.24006687104701996,
            "3": 0.9612383842468262,
            "4": 0.0
        },
        "4": {
            "0": 0.990095853805542,
            "1": 0.8540329337120056,
            "2": 0.31547147035598755,
            "3": 0.6530719995498657,
            "4": 0.0
        }
    }
}