{
    "confidence_score": 0.8552163243293762,
    "ptm": 0.8850510120391846,
    "iptm": 0.8001891374588013,
    "ligand_iptm": 0.8781912922859192,
    "protein_iptm": 0.7873406410217285,
    "complex_plddt": 0.8689731359481812,
    "complex_iplddt": 0.724513590335846,
    "complex_pde": 0.5856148600578308,
    "complex_ipde": 2.149151563644409,
    "chains_ptm": {
        "0": 0.9846861958503723,
        "1": 0.984680712223053,
        "2": 0.9821529984474182,
        "3": 0.9333218932151794,
        "4": 0.0
    },
    "pair_chains_iptm": {
        "0": {
            "0": 0.9846861958503723,
            "1": 0.781226396560669,
            "2": 0.2540028393268585,
            "3": 0.6770797967910767,
            "4": 0.0
        },
        "1": {
            "0": 0.7873406410217285,
            "1": 0.984680712223053,
            "2": 0.36268824338912964,
            "3": 0.43060004711151123,
            "4": 0.0
        },
        "2": {
            "0": 0.7745739817619324,
            "1": 0.8460836410522461,
            "2": 0.9821529984474182,
            "3": 0.4153297245502472,
            "4": 0.0
        },
        "3": {
            "0": 0.9002879858016968,
            "1": 0.7209285497665405,
            "2": 0.18423481285572052,
            "3": 0.9333218932151794,
            "4": 0.0
        },
        "4": {
            "0": 0.989842414855957,
            "1": 0.823264479637146,
            "2": 0.3474268913269043,
            "3": 0.5763943195343018,
            "4": 0.0
        }
    }
}