{
    "confidence_score": 0.8677245378494263,
    "ptm": 0.8889832496643066,
    "iptm": 0.8090137839317322,
    "ligand_iptm": 0.9227312803268433,
    "protein_iptm": 0.7900608777999878,
    "complex_plddt": 0.8824021816253662,
    "complex_iplddt": 0.7815597653388977,
    "complex_pde": 0.5236008763313293,
    "complex_ipde": 1.7611544132232666,
    "chains_ptm": {
        "0": 0.9826256036758423,
        "1": 0.982465386390686,
        "2": 0.9823724031448364,
        "3": 0.9596281051635742,
        "4": 0.0
    },
    "pair_chains_iptm": {
        "0": {
            "0": 0.9826256036758423,
            "1": 0.7738779187202454,
            "2": 0.23326383531093597,
            "3": 0.7713220715522766,
            "4": 0.0
        },
        "1": {
            "0": 0.7900608777999878,
            "1": 0.982465386390686,
            "2": 0.31962648034095764,
            "3": 0.4627753794193268,
            "4": 0.0
        },
        "2": {
            "0": 0.7447707653045654,
            "1": 0.8305142521858215,
            "2": 0.9823724031448364,
            "3": 0.4748546779155731,
            "4": 0.0
        },
        "3": {
            "0": 0.961209237575531,
            "1": 0.7300487756729126,
            "2": 0.1732202172279358,
            "3": 0.9596281051635742,
            "4": 0.0
        },
        "4": {
            "0": 0.9898511171340942,
            "1": 0.8324831128120422,
            "2": 0.24369817972183228,
            "3": 0.7033821940422058,
            "4": 0.0
        }
    }
}