{
    "confidence_score": 0.871086597442627,
    "ptm": 0.898362398147583,
    "iptm": 0.8253618478775024,
    "ligand_iptm": 0.9129368662834167,
    "protein_iptm": 0.8107659220695496,
    "complex_plddt": 0.8825177550315857,
    "complex_iplddt": 0.7843599915504456,
    "complex_pde": 0.5204722881317139,
    "complex_ipde": 1.7409170866012573,
    "chains_ptm": {
        "0": 0.9836071729660034,
        "1": 0.9831714630126953,
        "2": 0.9829145669937134,
        "3": 0.9536523222923279,
        "4": 0.0
    },
    "pair_chains_iptm": {
        "0": {
            "0": 0.9836071729660034,
            "1": 0.7988669276237488,
            "2": 0.2533282935619354,
            "3": 0.7148762345314026,
            "4": 0.0
        },
        "1": {
            "0": 0.8107659220695496,
            "1": 0.9831714630126953,
            "2": 0.34198468923568726,
            "3": 0.4410063624382019,
            "4": 0.0
        },
        "2": {
            "0": 0.7720034122467041,
            "1": 0.8578436374664307,
            "2": 0.9829145669937134,
            "3": 0.4304419755935669,
            "4": 0.0
        },
        "3": {
            "0": 0.939936101436615,
            "1": 0.736054003238678,
            "2": 0.18277737498283386,
            "3": 0.9536523222923279,
            "4": 0.0
        },
        "4": {
            "0": 0.9902100563049316,
            "1": 0.8552117347717285,
            "2": 0.2817530930042267,
            "3": 0.6114625334739685,
            "4": 0.0
        }
    }
}