{
    "confidence_score": 0.85089111328125,
    "ptm": 0.8296293616294861,
    "iptm": 0.7004433870315552,
    "ligand_iptm": 0.9323227405548096,
    "protein_iptm": 0.6631101965904236,
    "complex_plddt": 0.8885030150413513,
    "complex_iplddt": 0.8234816193580627,
    "complex_pde": 0.6460527777671814,
    "complex_ipde": 2.3634800910949707,
    "chains_ptm": {
        "0": 0.9811760187149048,
        "1": 0.973010241985321,
        "2": 0.9867317080497742,
        "3": 0.9611728191375732,
        "4": 0.0
    },
    "pair_chains_iptm": {
        "0": {
            "0": 0.9811760187149048,
            "1": 0.6538232564926147,
            "2": 0.36559227108955383,
            "3": 0.7254049181938171,
            "4": 0.0
        },
        "1": {
            "0": 0.6631101965904236,
            "1": 0.973010241985321,
            "2": 0.25480273365974426,
            "3": 0.40755990147590637,
            "4": 0.0
        },
        "2": {
            "0": 0.8133231401443481,
            "1": 0.6415026783943176,
            "2": 0.9867317080497742,
            "3": 0.598161518573761,
            "4": 0.0
        },
        "3": {
            "0": 0.9571536183357239,
            "1": 0.6172435879707336,
            "2": 0.3523062467575073,
            "3": 0.9611728191375732,
            "4": 0.0
        },
        "4": {
            "0": 0.9844530820846558,
            "1": 0.7133336663246155,
            "2": 0.33910447359085083,
            "3": 0.604456901550293,
            "4": 0.0
        }
    }
}