{
    "confidence_score": 0.8140754103660583,
    "ptm": 0.728210985660553,
    "iptm": 0.5168484449386597,
    "ligand_iptm": 0.8833155632019043,
    "protein_iptm": 0.45302414894104004,
    "complex_plddt": 0.888382077217102,
    "complex_iplddt": 0.77688068151474,
    "complex_pde": 0.8264188170433044,
    "complex_ipde": 3.4538090229034424,
    "chains_ptm": {
        "0": 0.9784286618232727,
        "1": 0.9752981662750244,
        "2": 0.9811442494392395,
        "3": 0.9536802768707275,
        "4": 0.0
    },
    "pair_chains_iptm": {
        "0": {
            "0": 0.9784286618232727,
            "1": 0.4316593110561371,
            "2": 0.2524782419204712,
            "3": 0.7344730496406555,
            "4": 0.0
        },
        "1": {
            "0": 0.45302414894104004,
            "1": 0.9752981662750244,
            "2": 0.14071305096149445,
            "3": 0.2987474203109741,
            "4": 0.0
        },
        "2": {
            "0": 0.6840424537658691,
            "1": 0.44133034348487854,
            "2": 0.9811442494392395,
            "3": 0.5195898413658142,
            "4": 0.0
        },
        "3": {
            "0": 0.9256678819656372,
            "1": 0.37211066484451294,
            "2": 0.2114710509777069,
            "3": 0.9536802768707275,
            "4": 0.0
        },
        "4": {
            "0": 0.9833894371986389,
            "1": 0.4546584188938141,
            "2": 0.22786520421504974,
            "3": 0.6242637634277344,
            "4": 0.0
        }
    }
}