{
    "confidence_score": 0.8476652503013611,
    "ptm": 0.8277438879013062,
    "iptm": 0.6971499919891357,
    "ligand_iptm": 0.8823415040969849,
    "protein_iptm": 0.6663681268692017,
    "complex_plddt": 0.8852940201759338,
    "complex_iplddt": 0.7767785787582397,
    "complex_pde": 0.6291062235832214,
    "complex_ipde": 2.36531925201416,
    "chains_ptm": {
        "0": 0.9801032543182373,
        "1": 0.9821062088012695,
        "2": 0.9811286926269531,
        "3": 0.9479881525039673,
        "4": 0.0
    },
    "pair_chains_iptm": {
        "0": {
            "0": 0.9801032543182373,
            "1": 0.6485714912414551,
            "2": 0.20604583621025085,
            "3": 0.6928892135620117,
            "4": 0.0
        },
        "1": {
            "0": 0.6663681268692017,
            "1": 0.9821062088012695,
            "2": 0.3152487576007843,
            "3": 0.37227872014045715,
            "4": 0.0
        },
        "2": {
            "0": 0.6644954681396484,
            "1": 0.8007999658584595,
            "2": 0.9811286926269531,
            "3": 0.3802681863307953,
            "4": 0.0
        },
        "3": {
            "0": 0.9289122819900513,
            "1": 0.5957949757575989,
            "2": 0.14833584427833557,
            "3": 0.9479881525039673,
            "4": 0.0
        },
        "4": {
            "0": 0.9873467087745667,
            "1": 0.6901877522468567,
            "2": 0.21809007227420807,
            "3": 0.5872433185577393,
            "4": 0.0
        }
    }
}