{
    "confidence_score": 0.8493032455444336,
    "ptm": 0.8552435636520386,
    "iptm": 0.7451391220092773,
    "ligand_iptm": 0.8953003883361816,
    "protein_iptm": 0.7201122045516968,
    "complex_plddt": 0.8753443360328674,
    "complex_iplddt": 0.7246776223182678,
    "complex_pde": 0.5730410218238831,
    "complex_ipde": 2.05825138092041,
    "chains_ptm": {
        "0": 0.9836984276771545,
        "1": 0.9837450385093689,
        "2": 0.9834871888160706,
        "3": 0.9557364583015442,
        "4": 0.0
    },
    "pair_chains_iptm": {
        "0": {
            "0": 0.9836984276771545,
            "1": 0.7061830759048462,
            "2": 0.26090186834335327,
            "3": 0.7519257664680481,
            "4": 0.0
        },
        "1": {
            "0": 0.7201122045516968,
            "1": 0.9837450385093689,
            "2": 0.3583526313304901,
            "3": 0.4437083899974823,
            "4": 0.0
        },
        "2": {
            "0": 0.7247434854507446,
            "1": 0.8537143468856812,
            "2": 0.9834871888160706,
            "3": 0.46613451838493347,
            "4": 0.0
        },
        "3": {
            "0": 0.9310548305511475,
            "1": 0.6291444897651672,
            "2": 0.17951422929763794,
            "3": 0.9557364583015442,
            "4": 0.0
        },
        "4": {
            "0": 0.9893272519111633,
            "1": 0.743257999420166,
            "2": 0.2710719108581543,
            "3": 0.6520063877105713,
            "4": 0.0
        }
    }
}