{
    "confidence_score": 0.8625532388687134,
    "ptm": 0.8102999329566956,
    "iptm": 0.6596154570579529,
    "ligand_iptm": 0.9646174907684326,
    "protein_iptm": 0.6088147163391113,
    "complex_plddt": 0.9132876396179199,
    "complex_iplddt": 0.8541392087936401,
    "complex_pde": 0.5094506144523621,
    "complex_ipde": 1.7069393396377563,
    "chains_ptm": {
        "0": 0.9860983490943909,
        "1": 0.9821805953979492,
        "2": 0.9869946837425232,
        "3": 0.9723280072212219,
        "4": 0.0
    },
    "pair_chains_iptm": {
        "0": {
            "0": 0.9860983490943909,
            "1": 0.5988020896911621,
            "2": 0.5112077593803406,
            "3": 0.8101387619972229,
            "4": 0.0
        },
        "1": {
            "0": 0.6088147163391113,
            "1": 0.9821805953979492,
            "2": 0.29842451214790344,
            "3": 0.40677887201309204,
            "4": 0.0
        },
        "2": {
            "0": 0.9178159832954407,
            "1": 0.6582606434822083,
            "2": 0.9869946837425232,
            "3": 0.7588406801223755,
            "4": 0.0
        },
        "3": {
            "0": 0.977593719959259,
            "1": 0.5450174808502197,
            "2": 0.48387083411216736,
            "3": 0.9723280072212219,
            "4": 0.0
        },
        "4": {
            "0": 0.9923115968704224,
            "1": 0.6198989152908325,
            "2": 0.46904563903808594,
            "3": 0.7452587485313416,
            "4": 0.0
        }
    }
}