{
    "confidence_score": 0.8449100852012634,
    "ptm": 0.8678668737411499,
    "iptm": 0.7702691555023193,
    "ligand_iptm": 0.8897821307182312,
    "protein_iptm": 0.7519866824150085,
    "complex_plddt": 0.8635702729225159,
    "complex_iplddt": 0.7440108060836792,
    "complex_pde": 0.6300768256187439,
    "complex_ipde": 2.36872935295105,
    "chains_ptm": {
        "0": 0.983120322227478,
        "1": 0.9807358980178833,
        "2": 0.9845693111419678,
        "3": 0.9296771287918091,
        "4": 0.0
    },
    "pair_chains_iptm": {
        "0": {
            "0": 0.983120322227478,
            "1": 0.744044303894043,
            "2": 0.3635714054107666,
            "3": 0.6354370713233948,
            "4": 0.0
        },
        "1": {
            "0": 0.7519866824150085,
            "1": 0.9807358980178833,
            "2": 0.2708398699760437,
            "3": 0.3870127499103546,
            "4": 0.0
        },
        "2": {
            "0": 0.8439868092536926,
            "1": 0.7180771827697754,
            "2": 0.9845693111419678,
            "3": 0.5103728771209717,
            "4": 0.0
        },
        "3": {
            "0": 0.8992160558700562,
            "1": 0.690425455570221,
            "2": 0.3209943175315857,
            "3": 0.9296771287918091,
            "4": 0.0
        },
        "4": {
            "0": 0.9867662787437439,
            "1": 0.793860673904419,
            "2": 0.2958391606807709,
            "3": 0.5252751111984253,
            "4": 0.0
        }
    }
}