{
    "confidence_score": 0.831087589263916,
    "ptm": 0.7880128622055054,
    "iptm": 0.6253329515457153,
    "ligand_iptm": 0.8531924486160278,
    "protein_iptm": 0.5877853035926819,
    "complex_plddt": 0.8825262784957886,
    "complex_iplddt": 0.7644837498664856,
    "complex_pde": 0.7600860595703125,
    "complex_ipde": 3.1091580390930176,
    "chains_ptm": {
        "0": 0.978516161441803,
        "1": 0.9804332256317139,
        "2": 0.9812343716621399,
        "3": 0.9178159236907959,
        "4": 0.0
    },
    "pair_chains_iptm": {
        "0": {
            "0": 0.978516161441803,
            "1": 0.5742214322090149,
            "2": 0.18491029739379883,
            "3": 0.5543121695518494,
            "4": 0.0
        },
        "1": {
            "0": 0.5877853035926819,
            "1": 0.9804332256317139,
            "2": 0.27600425481796265,
            "3": 0.25963887572288513,
            "4": 0.0
        },
        "2": {
            "0": 0.6061061024665833,
            "1": 0.7360815405845642,
            "2": 0.9812343716621399,
            "3": 0.2646349370479584,
            "4": 0.0
        },
        "3": {
            "0": 0.9013637900352478,
            "1": 0.5302469730377197,
            "2": 0.13229627907276154,
            "3": 0.9178159236907959,
            "4": 0.0
        },
        "4": {
            "0": 0.9857076406478882,
            "1": 0.6141582727432251,
            "2": 0.20190712809562683,
            "3": 0.4298872947692871,
            "4": 0.0
        }
    }
}