{
    "confidence_score": 0.8346277475357056,
    "ptm": 0.8293272256851196,
    "iptm": 0.7021273374557495,
    "ligand_iptm": 0.8722822070121765,
    "protein_iptm": 0.6749210953712463,
    "complex_plddt": 0.8677527904510498,
    "complex_iplddt": 0.7558127641677856,
    "complex_pde": 0.708449125289917,
    "complex_ipde": 2.7341575622558594,
    "chains_ptm": {
        "0": 0.9787364602088928,
        "1": 0.9775823950767517,
        "2": 0.9810516238212585,
        "3": 0.9380815029144287,
        "4": 0.0
    },
    "pair_chains_iptm": {
        "0": {
            "0": 0.9787364602088928,
            "1": 0.6607776284217834,
            "2": 0.19143779575824738,
            "3": 0.6837376952171326,
            "4": 0.0
        },
        "1": {
            "0": 0.6749210953712463,
            "1": 0.9775823950767517,
            "2": 0.2794579863548279,
            "3": 0.39074063301086426,
            "4": 0.0
        },
        "2": {
            "0": 0.6642711162567139,
            "1": 0.7061589360237122,
            "2": 0.9810516238212585,
            "3": 0.38436803221702576,
            "4": 0.0
        },
        "3": {
            "0": 0.9148279428482056,
            "1": 0.6139150261878967,
            "2": 0.1409088373184204,
            "3": 0.9380815029144287,
            "4": 0.0
        },
        "4": {
            "0": 0.9841457009315491,
            "1": 0.7176582217216492,
            "2": 0.28242048621177673,
            "3": 0.5737444162368774,
            "4": 0.0
        }
    }
}