{
    "confidence_score": 0.8556205034255981,
    "ptm": 0.8106458187103271,
    "iptm": 0.6631203889846802,
    "ligand_iptm": 0.8943321108818054,
    "protein_iptm": 0.6250402927398682,
    "complex_plddt": 0.9037454724311829,
    "complex_iplddt": 0.8159649968147278,
    "complex_pde": 0.6040468215942383,
    "complex_ipde": 2.259528636932373,
    "chains_ptm": {
        "0": 0.9827588796615601,
        "1": 0.9830280542373657,
        "2": 0.9823883771896362,
        "3": 0.9397931098937988,
        "4": 0.0
    },
    "pair_chains_iptm": {
        "0": {
            "0": 0.9827588796615601,
            "1": 0.616888165473938,
            "2": 0.20731624960899353,
            "3": 0.6928389668464661,
            "4": 0.0
        },
        "1": {
            "0": 0.6250402927398682,
            "1": 0.9830280542373657,
            "2": 0.32137224078178406,
            "3": 0.3308532238006592,
            "4": 0.0
        },
        "2": {
            "0": 0.6508525013923645,
            "1": 0.8234342932701111,
            "2": 0.9823883771896362,
            "3": 0.3620537519454956,
            "4": 0.0
        },
        "3": {
            "0": 0.943387508392334,
            "1": 0.5477915406227112,
            "2": 0.15567998588085175,
            "3": 0.9397931098937988,
            "4": 0.0
        },
        "4": {
            "0": 0.991094172000885,
            "1": 0.6320579051971436,
            "2": 0.2090880274772644,
            "3": 0.6120942234992981,
            "4": 0.0
        }
    }
}