{
    "confidence_score": 0.8237125277519226,
    "ptm": 0.8126072287559509,
    "iptm": 0.665615439414978,
    "ligand_iptm": 0.9081800580024719,
    "protein_iptm": 0.6267313957214355,
    "complex_plddt": 0.8632368445396423,
    "complex_iplddt": 0.6961082220077515,
    "complex_pde": 0.6682143211364746,
    "complex_ipde": 2.648515462875366,
    "chains_ptm": {
        "0": 0.9840974807739258,
        "1": 0.98189777135849,
        "2": 0.9861752986907959,
        "3": 0.9446466565132141,
        "4": 0.0
    },
    "pair_chains_iptm": {
        "0": {
            "0": 0.9840974807739258,
            "1": 0.6078686714172363,
            "2": 0.45039454102516174,
            "3": 0.6912975311279297,
            "4": 0.0
        },
        "1": {
            "0": 0.6267313957214355,
            "1": 0.98189777135849,
            "2": 0.2865915596485138,
            "3": 0.3494025468826294,
            "4": 0.0
        },
        "2": {
            "0": 0.8748552203178406,
            "1": 0.6392290592193604,
            "2": 0.9861752986907959,
            "3": 0.6402576565742493,
            "4": 0.0
        },
        "3": {
            "0": 0.9139317870140076,
            "1": 0.528204083442688,
            "2": 0.3929518759250641,
            "3": 0.9446466565132141,
            "4": 0.0
        },
        "4": {
            "0": 0.9885837435722351,
            "1": 0.6517649292945862,
            "2": 0.43129628896713257,
            "3": 0.6061840057373047,
            "4": 0.0
        }
    }
}