{
    "confidence_score": 0.8663187026977539,
    "ptm": 0.8642165064811707,
    "iptm": 0.7616804838180542,
    "ligand_iptm": 0.9423837661743164,
    "protein_iptm": 0.7333386540412903,
    "complex_plddt": 0.8924782276153564,
    "complex_iplddt": 0.81546950340271,
    "complex_pde": 0.56617671251297,
    "complex_ipde": 1.9992276430130005,
    "chains_ptm": {
        "0": 0.9839292168617249,
        "1": 0.9782618284225464,
        "2": 0.9825534224510193,
        "3": 0.9694862365722656,
        "4": 0.0
    },
    "pair_chains_iptm": {
        "0": {
            "0": 0.9839292168617249,
            "1": 0.7202466130256653,
            "2": 0.32243627309799194,
            "3": 0.7800343632698059,
            "4": 0.0
        },
        "1": {
            "0": 0.7333386540412903,
            "1": 0.9782618284225464,
            "2": 0.21534062922000885,
            "3": 0.44868209958076477,
            "4": 0.0
        },
        "2": {
            "0": 0.8305224180221558,
            "1": 0.6726945638656616,
            "2": 0.9825534224510193,
            "3": 0.6154921650886536,
            "4": 0.0
        },
        "3": {
            "0": 0.9652010202407837,
            "1": 0.6837466955184937,
            "2": 0.2708261013031006,
            "3": 0.9694862365722656,
            "4": 0.0
        },
        "4": {
            "0": 0.9872885346412659,
            "1": 0.7791445255279541,
            "2": 0.3053634464740753,
            "3": 0.707994282245636,
            "4": 0.0
        }
    }
}