{
    "confidence_score": 0.8687394261360168,
    "ptm": 0.8908836245536804,
    "iptm": 0.8146000504493713,
    "ligand_iptm": 0.8640745282173157,
    "protein_iptm": 0.8063542246818542,
    "complex_plddt": 0.8822742700576782,
    "complex_iplddt": 0.7708883881568909,
    "complex_pde": 0.6228300929069519,
    "complex_ipde": 2.3005945682525635,
    "chains_ptm": {
        "0": 0.9800348877906799,
        "1": 0.9822192192077637,
        "2": 0.9826405048370361,
        "3": 0.9106015563011169,
        "4": 0.0
    },
    "pair_chains_iptm": {
        "0": {
            "0": 0.9800348877906799,
            "1": 0.7973094582557678,
            "2": 0.25776126980781555,
            "3": 0.6160915493965149,
            "4": 0.0
        },
        "1": {
            "0": 0.8063542246818542,
            "1": 0.9822192192077637,
            "2": 0.33938899636268616,
            "3": 0.34448814392089844,
            "4": 0.0
        },
        "2": {
            "0": 0.7718473672866821,
            "1": 0.8595482110977173,
            "2": 0.9826405048370361,
            "3": 0.36107391119003296,
            "4": 0.0
        },
        "3": {
            "0": 0.880775511264801,
            "1": 0.7083937525749207,
            "2": 0.19232994318008423,
            "3": 0.9106015563011169,
            "4": 0.0
        },
        "4": {
            "0": 0.9883124232292175,
            "1": 0.8534275889396667,
            "2": 0.2570878565311432,
            "3": 0.49722936749458313,
            "4": 0.0
        }
    }
}