{
    "confidence_score": 0.8286949992179871,
    "ptm": 0.8085446357727051,
    "iptm": 0.659456193447113,
    "ligand_iptm": 0.8527786731719971,
    "protein_iptm": 0.6272680163383484,
    "complex_plddt": 0.8710047602653503,
    "complex_iplddt": 0.7056167721748352,
    "complex_pde": 0.7772897481918335,
    "complex_ipde": 3.2208611965179443,
    "chains_ptm": {
        "0": 0.9824810028076172,
        "1": 0.9770496487617493,
        "2": 0.9836257696151733,
        "3": 0.9107009172439575,
        "4": 0.0
    },
    "pair_chains_iptm": {
        "0": {
            "0": 0.9824810028076172,
            "1": 0.6072811484336853,
            "2": 0.323941707611084,
            "3": 0.596342146396637,
            "4": 0.0
        },
        "1": {
            "0": 0.6272680163383484,
            "1": 0.9770496487617493,
            "2": 0.20759379863739014,
            "3": 0.294502317905426,
            "4": 0.0
        },
        "2": {
            "0": 0.8151230216026306,
            "1": 0.5826701521873474,
            "2": 0.9836257696151733,
            "3": 0.48340868949890137,
            "4": 0.0
        },
        "3": {
            "0": 0.8563574552536011,
            "1": 0.5391943454742432,
            "2": 0.2520074248313904,
            "3": 0.9107009172439575,
            "4": 0.0
        },
        "4": {
            "0": 0.9854736924171448,
            "1": 0.6427072286605835,
            "2": 0.28118300437927246,
            "3": 0.48042845726013184,
            "4": 0.0
        }
    }
}