{
    "confidence_score": 0.8939415216445923,
    "ptm": 0.9282406568527222,
    "iptm": 0.878668487071991,
    "ligand_iptm": 0.9410146474838257,
    "protein_iptm": 0.8683316111564636,
    "complex_plddt": 0.897759735584259,
    "complex_iplddt": 0.8254653215408325,
    "complex_pde": 0.4278479218482971,
    "complex_ipde": 1.2141581773757935,
    "chains_ptm": {
        "0": 0.9861064553260803,
        "1": 0.9849101901054382,
        "2": 0.981566309928894,
        "3": 0.9557536244392395,
        "4": 0.0
    },
    "pair_chains_iptm": {
        "0": {
            "0": 0.9861064553260803,
            "1": 0.8618926405906677,
            "2": 0.2657414972782135,
            "3": 0.7192135453224182,
            "4": 0.0
        },
        "1": {
            "0": 0.8683316111564636,
            "1": 0.9849101901054382,
            "2": 0.32156023383140564,
            "3": 0.46800360083580017,
            "4": 0.0
        },
        "2": {
            "0": 0.824988067150116,
            "1": 0.8416833877563477,
            "2": 0.981566309928894,
            "3": 0.44967928528785706,
            "4": 0.0
        },
        "3": {
            "0": 0.9674318432807922,
            "1": 0.8245859742164612,
            "2": 0.20338775217533112,
            "3": 0.9557536244392395,
            "4": 0.0
        },
        "4": {
            "0": 0.9937554001808167,
            "1": 0.8999268412590027,
            "2": 0.38699886202812195,
            "3": 0.6255121231079102,
            "4": 0.0
        }
    }
}