{
    "confidence_score": 0.8551881909370422,
    "ptm": 0.8627799153327942,
    "iptm": 0.75862056016922,
    "ligand_iptm": 0.8646970391273499,
    "protein_iptm": 0.740941047668457,
    "complex_plddt": 0.879330039024353,
    "complex_iplddt": 0.7416450381278992,
    "complex_pde": 0.5975097417831421,
    "complex_ipde": 2.244736909866333,
    "chains_ptm": {
        "0": 0.9842991232872009,
        "1": 0.9858257174491882,
        "2": 0.9827318787574768,
        "3": 0.9248872399330139,
        "4": 0.0
    },
    "pair_chains_iptm": {
        "0": {
            "0": 0.9842991232872009,
            "1": 0.7294912934303284,
            "2": 0.2543981075286865,
            "3": 0.6324783563613892,
            "4": 0.0
        },
        "1": {
            "0": 0.740941047668457,
            "1": 0.9858257174491882,
            "2": 0.3715467154979706,
            "3": 0.3441435694694519,
            "4": 0.0
        },
        "2": {
            "0": 0.7320911884307861,
            "1": 0.8765034079551697,
            "2": 0.9827318787574768,
            "3": 0.34973105788230896,
            "4": 0.0
        },
        "3": {
            "0": 0.8870371580123901,
            "1": 0.6395975351333618,
            "2": 0.18447476625442505,
            "3": 0.9248872399330139,
            "4": 0.0
        },
        "4": {
            "0": 0.9911018013954163,
            "1": 0.7768363952636719,
            "2": 0.28491586446762085,
            "3": 0.5151913166046143,
            "4": 0.0
        }
    }
}