{
    "confidence_score": 0.8807012438774109,
    "ptm": 0.911783754825592,
    "iptm": 0.8502607941627502,
    "ligand_iptm": 0.9354137182235718,
    "protein_iptm": 0.8360685706138611,
    "complex_plddt": 0.8883113265037537,
    "complex_iplddt": 0.8119778037071228,
    "complex_pde": 0.4714948236942291,
    "complex_ipde": 1.4496829509735107,
    "chains_ptm": {
        "0": 0.983959436416626,
        "1": 0.9837716817855835,
        "2": 0.9830668568611145,
        "3": 0.9581875205039978,
        "4": 0.0
    },
    "pair_chains_iptm": {
        "0": {
            "0": 0.983959436416626,
            "1": 0.8252143263816833,
            "2": 0.27037036418914795,
            "3": 0.7593519687652588,
            "4": 0.0
        },
        "1": {
            "0": 0.8360685706138611,
            "1": 0.9837716817855835,
            "2": 0.33514145016670227,
            "3": 0.49177786707878113,
            "4": 0.0
        },
        "2": {
            "0": 0.7976356148719788,
            "1": 0.8538654446601868,
            "2": 0.9830668568611145,
            "3": 0.49528175592422485,
            "4": 0.0
        },
        "3": {
            "0": 0.9650153517723083,
            "1": 0.79310542345047,
            "2": 0.20786799490451813,
            "3": 0.9581875205039978,
            "4": 0.0
        },
        "4": {
            "0": 0.9919730424880981,
            "1": 0.8715534806251526,
            "2": 0.3497919738292694,
            "3": 0.6886098384857178,
            "4": 0.0
        }
    }
}