{
    "confidence_score": 0.8450717329978943,
    "ptm": 0.8721634745597839,
    "iptm": 0.7770956754684448,
    "ligand_iptm": 0.8475764989852905,
    "protein_iptm": 0.7653489708900452,
    "complex_plddt": 0.8620657324790955,
    "complex_iplddt": 0.7016383409500122,
    "complex_pde": 0.6522854566574097,
    "complex_ipde": 2.5108413696289062,
    "chains_ptm": {
        "0": 0.9834325313568115,
        "1": 0.9830458760261536,
        "2": 0.9801916480064392,
        "3": 0.9078016877174377,
        "4": 0.0
    },
    "pair_chains_iptm": {
        "0": {
            "0": 0.9834325313568115,
            "1": 0.7568728923797607,
            "2": 0.20346297323703766,
            "3": 0.5987401008605957,
            "4": 0.0
        },
        "1": {
            "0": 0.7653489708900452,
            "1": 0.9830458760261536,
            "2": 0.32039597630500793,
            "3": 0.33933988213539124,
            "4": 0.0
        },
        "2": {
            "0": 0.7143752574920654,
            "1": 0.8264477252960205,
            "2": 0.9801916480064392,
            "3": 0.3300507366657257,
            "4": 0.0
        },
        "3": {
            "0": 0.8675815463066101,
            "1": 0.6627085208892822,
            "2": 0.14463214576244354,
            "3": 0.9078016877174377,
            "4": 0.0
        },
        "4": {
            "0": 0.9883764982223511,
            "1": 0.8240315914154053,
            "2": 0.23138126730918884,
            "3": 0.4942834675312042,
            "4": 0.0
        }
    }
}