{
    "confidence_score": 0.8512880206108093,
    "ptm": 0.8122009038925171,
    "iptm": 0.6690799593925476,
    "ligand_iptm": 0.8945011496543884,
    "protein_iptm": 0.6321045160293579,
    "complex_plddt": 0.8968400955200195,
    "complex_iplddt": 0.8341665863990784,
    "complex_pde": 0.6390509009361267,
    "complex_ipde": 2.3650906085968018,
    "chains_ptm": {
        "0": 0.9793156981468201,
        "1": 0.9776500463485718,
        "2": 0.9818704128265381,
        "3": 0.9428837299346924,
        "4": 0.0
    },
    "pair_chains_iptm": {
        "0": {
            "0": 0.9793156981468201,
            "1": 0.619135320186615,
            "2": 0.20580080151557922,
            "3": 0.740291953086853,
            "4": 0.0
        },
        "1": {
            "0": 0.6321045160293579,
            "1": 0.9776500463485718,
            "2": 0.28154200315475464,
            "3": 0.37152522802352905,
            "4": 0.0
        },
        "2": {
            "0": 0.6515493988990784,
            "1": 0.7714218497276306,
            "2": 0.9818704128265381,
            "3": 0.4008640944957733,
            "4": 0.0
        },
        "3": {
            "0": 0.9457359313964844,
            "1": 0.5672698020935059,
            "2": 0.14860299229621887,
            "3": 0.9428837299346924,
            "4": 0.0
        },
        "4": {
            "0": 0.9878643155097961,
            "1": 0.6499535441398621,
            "2": 0.21869952976703644,
            "3": 0.6632327437400818,
            "4": 0.0
        }
    }
}