{
    "confidence_score": 0.8835462927818298,
    "ptm": 0.9171221256256104,
    "iptm": 0.8590846657752991,
    "ligand_iptm": 0.9284395575523376,
    "protein_iptm": 0.847525417804718,
    "complex_plddt": 0.8896616101264954,
    "complex_iplddt": 0.8109599351882935,
    "complex_pde": 0.47906240820884705,
    "complex_ipde": 1.5241475105285645,
    "chains_ptm": {
        "0": 0.9848324656486511,
        "1": 0.985771894454956,
        "2": 0.9830874800682068,
        "3": 0.9578807950019836,
        "4": 0.0
    },
    "pair_chains_iptm": {
        "0": {
            "0": 0.9848324656486511,
            "1": 0.830319344997406,
            "2": 0.26673972606658936,
            "3": 0.7316380739212036,
            "4": 0.0
        },
        "1": {
            "0": 0.847525417804718,
            "1": 0.985771894454956,
            "2": 0.3520004451274872,
            "3": 0.4746706783771515,
            "4": 0.0
        },
        "2": {
            "0": 0.8022812604904175,
            "1": 0.8684422373771667,
            "2": 0.9830874800682068,
            "3": 0.47194206714630127,
            "4": 0.0
        },
        "3": {
            "0": 0.9587345123291016,
            "1": 0.7944369316101074,
            "2": 0.2077864408493042,
            "3": 0.9578807950019836,
            "4": 0.0
        },
        "4": {
            "0": 0.8958780169487,
            "1": 0.9884222745895386,
            "2": 0.2991090416908264,
            "3": 0.570932149887085,
            "4": 0.0
        }
    }
}