{
    "confidence_score": 0.8486594557762146,
    "ptm": 0.853753924369812,
    "iptm": 0.760346531867981,
    "ligand_iptm": 0.8594595789909363,
    "protein_iptm": 0.7455934882164001,
    "complex_plddt": 0.8707376718521118,
    "complex_iplddt": 0.7396578788757324,
    "complex_pde": 0.7097755670547485,
    "complex_ipde": 2.722752809524536,
    "chains_ptm": {
        "0": 0.9763734936714172,
        "1": 0.976204514503479,
        "2": 0.9837186932563782,
        "3": 0.9165974855422974,
        "4": 0.0
    },
    "pair_chains_iptm": {
        "0": {
            "0": 0.9763734936714172,
            "1": 0.7308748960494995,
            "2": 0.24214564263820648,
            "3": 0.6011458039283752,
            "4": 0.0
        },
        "1": {
            "0": 0.7455934882164001,
            "1": 0.976204514503479,
            "2": 0.32475516200065613,
            "3": 0.3516213595867157,
            "4": 0.0
        },
        "2": {
            "0": 0.7337306141853333,
            "1": 0.7975823283195496,
            "2": 0.9837186932563782,
            "3": 0.38415971398353577,
            "4": 0.0
        },
        "3": {
            "0": 0.8850063681602478,
            "1": 0.6631976366043091,
            "2": 0.17799465358257294,
            "3": 0.9165974855422974,
            "4": 0.0
        },
        "4": {
            "0": 0.9850484132766724,
            "1": 0.7806573510169983,
            "2": 0.30025404691696167,
            "3": 0.5025707483291626,
            "4": 0.0
        }
    }
}